,setting,bb,query,time_solve,result
0,old,1,1,18.122857008998835,unsat
1,old,1,2,594.4805005890012,sat
2,old,1,3,7.22867800899985,unsat
3,old,1,4,251.6993240289994,sat
4,old,1,5,74.7832118510014,unsat
5,old,1,6,140.43276641500051,sat
6,old,1,7,19.123419946001377,unsat
7,old,1,8,44.217465153000376,sat
8,old,1,9,1.011485842998809,sat
9,old,1,10,43.293085197001346,unsat
10,old,1,11,281.07109467100236,sat
11,old,1,12,Timeout,Timeout
12,old,1,13,19.316888976998598,sat
13,old,1,14,2.9081743160022597,unsat
14,old,1,15,22.962619375997747,unsat
15,old,1,16,119.34959243699996,unsat
16,old,1,17,86.21689596800206,unsat
17,old,1,18,249.86004356899866,sat
18,old,1,19,49.62013345699961,sat
19,old,1,20,193.9484775200035,sat
20,old,2,1,Timeout,Timeout
21,old,2,2,17.51163425500272,unsat
22,old,2,3,299.86069963299815,sat
23,old,2,4,1.0837918809993425,sat
24,old,2,5,1.4764177340002789,sat
25,old,2,6,22.27869964799902,unsat
26,old,2,7,Timeout,Timeout
27,old,2,8,Timeout,Timeout
28,old,2,9,317.63712436300193,unsat
29,old,2,10,498.51311705699845,sat
30,old,2,11,1.1010074549994897,sat
31,old,2,12,1.273305132999667,sat
32,old,2,13,29.298046972999146,unsat
33,old,2,14,322.8244804089991,unsat
34,old,2,15,Timeout,Timeout
35,old,2,16,91.44584951300203,unsat
36,old,2,17,108.55182197800241,unsat
37,old,2,18,180.76540611699966,unsat
38,old,2,19,49.5418142310009,unsat
39,old,2,20,580.0369547310002,sat
40,old,3,1,4.239707860000635,unsat
41,old,3,2,2.864951311999903,unsat
42,old,3,3,10.68291206700087,unsat
43,old,3,4,6.34510562899959,unsat
44,old,3,5,5.586755650001578,unsat
45,old,3,6,12.888805691000016,sat
46,old,3,7,1.4593748699990101,sat
47,old,3,8,0.1452927020000061,unsat
48,old,3,9,15.442171855000197,sat
49,old,3,10,8.970936896999774,unsat
50,old,3,11,34.83877826999742,sat
51,old,3,12,424.48478800900193,sat
52,old,3,13,145.5243373930025,unsat
53,old,3,14,15.26483854899925,sat
54,old,3,15,9.400756387996807,unsat
55,old,3,16,53.773437131996616,sat
56,old,3,17,13.021771118001197,unsat
57,old,3,18,29.03396157700263,sat
58,old,3,19,5.839296875998116,unsat
59,old,3,20,37.86175428900242,sat
60,old,4,1,339.71288266600095,sat
61,old,4,2,11.748321187998954,sat
62,old,4,3,29.65964525600066,unsat
63,old,4,4,118.81099871900005,unsat
64,old,4,5,349.4395208679998,sat
65,old,4,6,24.991871882997657,unsat
66,old,4,7,44.36761603799823,unsat
67,old,4,8,526.8708009839975,unsat
68,old,4,9,555.1395356780013,unsat
69,old,4,10,55.405027828997845,sat
70,old,4,11,Timeout,Timeout
71,old,4,12,89.42380012399735,unsat
72,old,4,13,327.10907792799844,sat
73,old,4,14,42.543227276000835,unsat
74,old,4,15,294.0753773960023,sat
75,old,4,16,16.125001024000085,unsat
76,old,4,17,56.09508715699849,sat
77,old,4,18,25.5571494959986,unsat
78,old,4,19,108.99896203900062,unsat
79,old,4,20,313.870449566999,sat
80,old,5,1,0.1014597630019125,unsat
81,old,5,2,141.37886792100107,unsat
82,old,5,3,160.61273734000133,sat
83,old,5,4,1.129549617999146,sat
84,old,5,5,6.58277347100011,sat
85,old,5,6,1.2842850380002346,unsat
86,old,5,7,581.817525567003,unsat
87,old,5,8,447.3956297349978,sat
88,old,5,9,1.1440869520010892,sat
89,old,5,10,1.7204068950013607,sat
90,old,5,11,197.2314440079972,unsat
91,old,5,12,Timeout,Timeout
92,old,5,13,355.6687966950012,unsat
93,old,5,14,512.365787196999,unsat
94,old,5,15,128.51331338500313,unsat
95,old,5,16,483.3035003279947,unsat
96,old,5,17,348.7147144030023,unsat
97,old,5,18,33.1300574199995,unsat
98,old,5,19,247.22915510400344,unsat
99,old,5,20,Timeout,Timeout
100,old,6,1,Timeout,Timeout
101,old,6,2,Timeout,Timeout
102,old,6,3,Timeout,Timeout
103,old,6,4,Timeout,Timeout
104,old,6,5,Timeout,Timeout
105,old,6,6,453.64280593700096,unsat
106,old,6,7,364.66517139499774,unsat
107,old,6,8,516.469732810001,unsat
108,old,6,9,266.5871631830014,unsat
109,old,6,10,513.270646652003,unsat
110,old,6,11,176.9691643959959,unsat
111,old,6,12,0.0005838840006617829,unsat
112,old,6,13,157.3768218759942,unsat
113,old,6,14,Timeout,Timeout
114,old,6,15,Timeout,Timeout
115,old,6,16,Timeout,Timeout
116,old,6,17,Timeout,Timeout
117,old,6,18,72.82948931399733,unsat
118,old,6,19,Timeout,Timeout
119,old,6,20,Timeout,Timeout
120,old,7,1,165.38087897399964,unsat
121,old,7,2,Timeout,Timeout
122,old,7,3,Timeout,Timeout
123,old,7,4,Timeout,Timeout
124,old,7,5,Timeout,Timeout
125,old,7,6,324.51903157999914,unsat
126,old,7,7,Timeout,Timeout
127,old,7,8,Timeout,Timeout
128,old,7,9,558.791731080004,unsat
129,old,7,10,Timeout,Timeout
130,old,7,11,Timeout,Timeout
131,old,7,12,Timeout,Timeout
132,old,7,13,Timeout,Timeout
133,old,7,14,Timeout,Timeout
134,old,7,15,Timeout,Timeout
135,old,7,16,Timeout,Timeout
136,old,7,17,Timeout,Timeout
137,old,7,18,Timeout,Timeout
138,old,7,19,Timeout,Timeout
139,old,7,20,Timeout,Timeout
140,old,8,1,158.79406243199628,unsat
141,old,8,2,505.372612414998,unsat
142,old,8,3,298.91583945899765,unsat
143,old,8,4,269.393812276001,unsat
144,old,8,5,303.05746607299807,unsat
145,old,8,6,198.23022099000082,unsat
146,old,8,7,407.70273549899866,unsat
147,old,8,8,84.19493688299553,unsat
148,old,8,9,388.3050646650008,sat
149,old,8,10,62.388266991998535,unsat
150,old,8,11,375.16041725000105,unsat
151,old,8,12,283.1504485030018,unsat
152,old,8,13,155.0862418350007,sat
153,old,8,14,265.63692715999787,unsat
154,old,8,15,173.14405549899675,unsat
155,old,8,16,540.3318411799992,unsat
156,old,8,17,374.68180713499896,unsat
157,old,8,18,233.99822595799924,sat
158,old,8,19,Timeout,Timeout
159,old,8,20,153.04720619600266,unsat
160,old,9,1,52.87082704399654,unsat
161,old,9,2,13.281447395995201,unsat
162,old,9,3,409.0916890649969,sat
163,old,9,4,3.415698777003854,sat
164,old,9,5,142.77046756599884,unsat
165,old,9,6,Timeout,Timeout
166,old,9,7,220.3945003300032,sat
167,old,9,8,51.940445649997855,unsat
168,old,9,9,Timeout,Timeout
169,old,9,10,Timeout,Timeout
170,old,9,11,Timeout,Timeout
171,old,9,12,Timeout,Timeout
172,old,9,13,Timeout,Timeout
173,old,9,14,444.7495325330092,unsat
174,old,9,15,Timeout,Timeout
175,old,9,16,48.37004714898649,unsat
176,old,9,17,Timeout,Timeout
177,old,9,18,Timeout,Timeout
178,old,9,19,192.8572724060068,unsat
179,old,9,20,Timeout,Timeout
180,old,10,1,33.542404640989844,sat
181,old,10,2,145.26769467501435,sat
182,old,10,3,26.039807168999687,sat
183,old,10,4,1.6427836649963865,sat
184,old,10,5,7.651386563011329,unsat
185,old,10,6,13.855502102000173,sat
186,old,10,7,0.15292944299289957,sat
187,old,10,8,42.97070694799186,sat
188,old,10,9,0.3419410360074835,sat
189,old,10,10,13.818955017995904,unsat
190,old,10,11,159.29807403800078,sat
191,old,10,12,8.339501490001567,unsat
192,old,10,13,15.83281779200479,sat
193,old,10,14,0.1487264640018111,sat
194,old,10,15,0.6967581459903158,sat
195,old,10,16,0.05753659500624053,sat
196,old,10,17,0.19918077799957246,sat
197,old,10,18,0.4485589770047227,sat
198,old,10,19,0.42001068200625014,sat
199,old,10,20,6.498286846006522,unsat
